1;kabam.rotmg.assets.EmbeddedData_ArenaCXML
2;kabam.rotmg.assets.EmbeddedData_GhostShipCXML
3;kabam.rotmg.assets.EmbeddedData_PortalsCXML
4;kabam.rotmg.assets.EmbeddedData_ForbiddenJungleCXML
5;kabam.rotmg.assets.EmbeddedData_PermapetsCXML
6;kabam.rotmg.assets.EmbeddedData_MiniDungeonHubCXML
7;kabam.rotmg.assets.EmbeddedData_TokenCXML
8;kabam.rotmg.assets.EmbeddedData_EpicForestMazeCXML
9;kabam.rotmg.assets.EmbeddedData_ContainersCXML
10;kabam.rotmg.assets.EmbeddedData_HauntedCemeteryCXML
11;kabam.rotmg.assets.EmbeddedData_MountainsCXML
12;kabam.rotmg.assets.EmbeddedData_TombOfTheAncientsCXML
13;kabam.rotmg.assets.EmbeddedData_PlayersCXML
14;kabam.rotmg.assets.EmbeddedData_IceTombCXML
15;kabam.rotmg.assets.EmbeddedData_stPatricksObjectCXML
16;kabam.rotmg.assets.EmbeddedData_TutorialScriptCXML
17;kabam.rotmg.assets.EmbeddedData_MidCXML
18;kabam.rotmg.assets.EmbeddedData_LairOfDraconisCXML
19;kabam.rotmg.assets.EmbeddedData_ProjectilesCXML
20;kabam.rotmg.assets.EmbeddedData_IceCaveCXML
21;kabam.rotmg.assets.EmbeddedData_HighCXML
22;kabam.rotmg.assets.EmbeddedData_ForestMazeCXML
23;kabam.rotmg.assets.EmbeddedData_STestingCXML
24;kabam.rotmg.assets.EmbeddedData_hanaminexusObjectCXML
25;kabam.rotmg.assets.EmbeddedData_LairOfShaitanCXML
26;kabam.rotmg.assets.EmbeddedData_ManorOfTheImmortalsCXML
27;kabam.rotmg.assets.EmbeddedData_CaveOfAThousandTreasuresCXML
28;kabam.rotmg.assets.EmbeddedData_ShattersCXML
29;kabam.rotmg.assets.EmbeddedData_HeroesCXML
30;kabam.rotmg.assets.EmbeddedData_LowCXML
31;kabam.rotmg.assets.EmbeddedData_TheHiveCXML
32;kabam.rotmg.assets.EmbeddedData_OryxCastleCXML
33;kabam.rotmg.assets.EmbeddedData_PlayersZombiesCXML
34;kabam.rotmg.assets.EmbeddedData_PirateCaveCXML
35;kabam.rotmg.assets.EmbeddedData_stPatricksGroundCXML
36;kabam.rotmg.assets.EmbeddedData_OryxChickenChamberCXML
37;kabam.rotmg.assets.EmbeddedData_DyesCXML
38;kabam.rotmg.assets.EmbeddedData_PuppetMasterEncoreCXML
39;kabam.rotmg.assets.EmbeddedData_EncountersCXML
40;kabam.rotmg.assets.EmbeddedData_WillemTestingCXML
41;kabam.rotmg.assets.EmbeddedData_CandyLandCXML
42;kabam.rotmg.assets.EmbeddedData_AlliesCXML
43;kabam.rotmg.assets.EmbeddedData_EquipCXML
44;kabam.rotmg.assets.EmbeddedData_EpicPirateCaveCXML
45;kabam.rotmg.assets.EmbeddedData_PuppetMasterCXML
46;kabam.rotmg.assets.EmbeddedData_GroundCXML
47;kabam.rotmg.assets.EmbeddedData_TutorialObjectsCXML
48;kabam.rotmg.assets.EmbeddedData_StaticObjectsCXML
49;kabam.rotmg.assets.EmbeddedData_BelladonnaCXML
50;kabam.rotmg.assets.EmbeddedData_EquipmentSetsCXML
51;kabam.rotmg.assets.EmbeddedData_OryxChamberCXML
52;kabam.rotmg.assets.EmbeddedData_TTestingCXML
53;kabam.rotmg.assets.EmbeddedData_ShoreCXML
54;kabam.rotmg.assets.EmbeddedData_SpiderDenCXML
55;kabam.rotmg.assets.EmbeddedData_OceanTrenchCXML
56;kabam.rotmg.assets.EmbeddedData_NPCsCXML
57;kabam.rotmg.assets.EmbeddedData_SkinsCXML
58;kabam.rotmg.assets.EmbeddedData_TextilesCXML
59;kabam.rotmg.assets.EmbeddedData_MadLabCXML
60;kabam.rotmg.assets.EmbeddedData_AbyssOfDemonsCXML
61;kabam.rotmg.assets.EmbeddedData_ToxicSewersCXML
62;kabam.rotmg.assets.EmbeddedData_UndeadLairCXML
63;kabam.rotmg.assets.EmbeddedData_ObjectsCXML
64;kabam.rotmg.assets.EmbeddedData_SnakePitCXML
65;kabam.rotmg.assets.EmbeddedData_PetsCXML
66;kabam.rotmg.assets.EmbeddedData_BTestingCXML
67;kabam.rotmg.assets.EmbeddedData_RegionsCXML
68;kabam.rotmg.assets.EmbeddedData_KTestingCXML
69;kabam.rotmg.assets.EmbeddedData_SpriteWorldCXML
70;kabam.rotmg.assets.EmbeddedData_hanaminexusGroundCXML
71;kabam.rotmg.assets.EmbeddedData_NexusDestroyedCXML
72;kabam.rotmg.assets.EmbeddedData_TutorialMonstersCXML
73;kabam.rotmg.assets.EmbeddedData_MTestingCXML
74;kabam.rotmg.assets.EmbeddedData_TestingObjectsCXML
75;kabam.rotmg.assets.EmbeddedData_EpicSpiderDenCXML
76;kabam.rotmg.assets.EmbeddedData_OryxWineCellarCXML
80;com.company.rotmg.graphics.ScreenGraphic
92;MapLoadingScreen
93;MyriadPro_Bold
94;MyriadPro
97;com.company.rotmg.graphics.KabamLogo
99;com.company.rotmg.graphics.StackedLogoR
101;com.company.rotmg.graphics.StarGraphic
105;com.company.rotmg.graphics.DeleteXGraphic
106;kabam.rotmg.assets.EmbeddedAssets_StarburstSpinner
107;kabam.rotmg.assets.EmbeddedAssets_lofiPartsEmbed_
108;kabam.rotmg.assets.EmbeddedAssets_newMonument3Embed_
109;kabam.rotmg.assets.EmbeddedAssets_chars8x8rLow2Embed_
110;kabam.rotmg.assets.EmbeddedAssets_lofiInterface2Embed_
111;kabam.rotmg.assets.EmbeddedAssets_textile9x9Embed_
112;kabam.rotmg.assets.EmbeddedAssets_textile10x10Embed_
113;kabam.rotmg.assets.EmbeddedAssets_stPatricksChars16x16Embed_
114;kabam.rotmg.assets.EmbeddedAssets_chars8x8rPets1Embed_
115;kabam.rotmg.assets.EmbeddedAssets_newGateEntry2Embed_
116;kabam.rotmg.assets.EmbeddedAssets_chars16x16dEncountersEmbed_
117;kabam.rotmg.assets.EmbeddedAssets_signEmbed_
118;kabam.rotmg.assets.EmbeddedAssets_chars8x8rMid2Embed_
119;kabam.rotmg.assets.EmbeddedAssets_EvolveBackground
120;kabam.rotmg.assets.EmbeddedAssets_chars8x8rHighEmbed_
121;kabam.rotmg.assets.EmbeddedAssets_chars8x8rPets2Embed_
122;kabam.rotmg.assets.EmbeddedAssets_stPatricksChars8x8Embed_
123;kabam.rotmg.assets.EmbeddedAssets_d3Chars16x16rEmbed_
124;kabam.rotmg.assets.EmbeddedAssets_DarknessBackground
125;kabam.rotmg.assets.EmbeddedAssets_labTankEmbed_
126;kabam.rotmg.assets.EmbeddedAssets_chars8x8rHero1Embed_
127;kabam.rotmg.assets.EmbeddedAssets_candyDoughnut2Embed_
128;kabam.rotmg.assets.EmbeddedAssets_chars8x8rPetsKaratePenguin_
129;kabam.rotmg.assets.EmbeddedAssets_playersSkins16Embed_
130;kabam.rotmg.assets.EmbeddedAssets_lofiParticlesShockerEmbed_
131;kabam.rotmg.assets.EmbeddedAssets_d3Chars8x8rEmbed_
132;kabam.rotmg.assets.EmbeddedAssets_tableEmbed_
133;kabam.rotmg.assets.EmbeddedAssets_chars8x8rEncountersEmbed_
134;kabam.rotmg.assets.EmbeddedAssets_candyDoughnut1Embed_
135;kabam.rotmg.assets.EmbeddedAssets_largeMonument3Embed_
136;kabam.rotmg.assets.EmbeddedAssets_sidesMaskEmbed_
137;kabam.rotmg.assets.EmbeddedAssets_d1Chars16x16rEmbed_
138;kabam.rotmg.assets.EmbeddedAssets_playersSkins16MaskEmbed_
139;kabam.rotmg.assets.EmbeddedAssets_newMonument1Embed_
140;kabam.rotmg.assets.EmbeddedAssets_particlesEmbed
141;kabam.rotmg.assets.EmbeddedAssets_innerP1MaskEmbed_
142;kabam.rotmg.assets.EmbeddedAssets_dodecahedronEmbed_
143;kabam.rotmg.assets.EmbeddedAssets_lofiProjsEmbed_
144;kabam.rotmg.assets.EmbeddedAssets_textile5x5Embed_
145;kabam.rotmg.assets.EmbeddedAssets_gasEmitter_
146;kabam.rotmg.assets.EmbeddedAssets_twoHighWall_
147;kabam.rotmg.assets.EmbeddedAssets_lofiProjsBigEmbed_
148;kabam.rotmg.assets.EmbeddedAssets_chars8x8dEncountersEmbed_
149;kabam.rotmg.assets.EmbeddedAssets_playersSkinsEmbed_
150;kabam.rotmg.assets.EmbeddedAssets_monsterTank3Embed_
151;kabam.rotmg.assets.EmbeddedAssets_playersEmbed_
152;kabam.rotmg.assets.EmbeddedAssets_newGateEnd1Embed_
153;kabam.rotmg.assets.EmbeddedAssets_lofiCharEmbed_
154;kabam.rotmg.assets.EmbeddedAssets_chars16x16rEncountersEmbed_
155;kabam.rotmg.assets.EmbeddedAssets_lofiObj2Embed_
156;kabam.rotmg.assets.EmbeddedAssets_threeSideCubeEmbed_
157;kabam.rotmg.assets.EmbeddedAssets_tableEdgeEmbed_
158;kabam.rotmg.assets.EmbeddedAssets_lofiObjEmbed_
159;kabam.rotmg.assets.EmbeddedAssets_stPatricksObjects16x16Embed_
160;kabam.rotmg.assets.EmbeddedAssets_lofiEnvironment2Embed_
161;kabam.rotmg.assets.EmbeddedAssets_largeMonument2Embed_
162;kabam.rotmg.assets.EmbeddedAssets_SakuraEnvironment8x8Embed_
163;kabam.rotmg.assets.EmbeddedAssets_monsterTank2Embed_
164;kabam.rotmg.assets.EmbeddedAssets_brokenPillarEmbed_
165;kabam.rotmg.assets.EmbeddedAssets_d3LofiObjEmbed_
166;kabam.rotmg.assets.EmbeddedAssets_petsDivineEmbed_
167;kabam.rotmg.assets.EmbeddedAssets_monsterTank4Embed_
168;kabam.rotmg.assets.EmbeddedAssets_tetrahedronEmbed_
169;kabam.rotmg.assets.EmbeddedAssets_d1LofiObjEmbed_
170;kabam.rotmg.assets.EmbeddedAssets_columnOneAndHalfEmbed_
171;kabam.rotmg.assets.EmbeddedAssets_lofiEnvironment3Embed_
172;kabam.rotmg.assets.EmbeddedAssets_cubeEmbed_
173;kabam.rotmg.assets.EmbeddedAssets_SakuraEnvironment16x16Embed_
174;kabam.rotmg.assets.EmbeddedAssets_candyDoughnut3Embed_
175;kabam.rotmg.assets.EmbeddedAssets_playersMaskEmbed_
176;kabam.rotmg.assets.EmbeddedAssets_outerMaskEmbed_
177;kabam.rotmg.assets.EmbeddedAssets_candyColBrokenEmbed_
178;kabam.rotmg.assets.EmbeddedAssets_newGateEntryEmbed_
179;kabam.rotmg.assets.EmbeddedAssets_chars8x8dBeachEmbed_
180;kabam.rotmg.assets.EmbeddedAssets_candyDoughnut4Embed_
181;kabam.rotmg.assets.EmbeddedAssets_lofiObj40x40Embed_
182;kabam.rotmg.assets.EmbeddedAssets_icosahedronEmbed_
183;kabam.rotmg.assets.EmbeddedAssets_chars8x8rMidEmbed_
184;kabam.rotmg.assets.EmbeddedAssets_lofiChar2Embed_
185;kabam.rotmg.assets.EmbeddedAssets_jackoEmbed_
186;kabam.rotmg.assets.EmbeddedAssets_d2Chars16x16rEmbed_
187;kabam.rotmg.assets.EmbeddedAssets_pillarEmbed_
188;kabam.rotmg.assets.EmbeddedAssets_lofiObjBigEmbed_
189;kabam.rotmg.assets.EmbeddedAssets_crateEmbed_
190;kabam.rotmg.assets.EmbeddedAssets_towerEmbed_
191;kabam.rotmg.assets.EmbeddedAssets_lofiObj6Embed_
192;kabam.rotmg.assets.EmbeddedAssets_octahedronEmbed_
193;kabam.rotmg.assets.EmbeddedAssets_cursorsEmbed_
194;kabam.rotmg.assets.EmbeddedAssets_chars16x16dMountains1Embed_
195;kabam.rotmg.assets.EmbeddedAssets_innerMaskEmbed_
196;kabam.rotmg.assets.EmbeddedAssets_starsEmbed_
197;kabam.rotmg.assets.EmbeddedAssets_d1LofiObjBigEmbed_
198;kabam.rotmg.assets.EmbeddedAssets_lofiInterfaceEmbed_
199;kabam.rotmg.assets.EmbeddedAssets_d3LofiObjBigEmbed_
200;kabam.rotmg.assets.EmbeddedAssets_chars16x16dEncounters2Embed_
201;kabam.rotmg.assets.EmbeddedAssets_textile4x4Embed_
202;kabam.rotmg.assets.EmbeddedAssets_playersSkinsMaskEmbed_
203;kabam.rotmg.assets.EmbeddedAssets_lofiObj4Embed_
204;kabam.rotmg.assets.EmbeddedAssets_chars16x16dMountains2Embed_
205;kabam.rotmg.assets.EmbeddedAssets_stPatricksObjects8x8Embed_
206;kabam.rotmg.assets.EmbeddedAssets_chars8x8rLow1Embed_
207;kabam.rotmg.assets.EmbeddedAssets_newMonument2Embed_
208;kabam.rotmg.assets.EmbeddedAssets_petUpgrader_
209;kabam.rotmg.assets.EmbeddedAssets_HanamiParts8x8Embed_
210;kabam.rotmg.assets.EmbeddedAssets_cloningVatEmbed_
211;kabam.rotmg.assets.EmbeddedAssets_newGateEnd2Embed_
212;kabam.rotmg.assets.EmbeddedAssets_chars8x8rHero2Embed_
213;kabam.rotmg.assets.EmbeddedAssets_monsterTank1Embed_
214;kabam.rotmg.assets.EmbeddedAssets_lofiObj3Embed_
215;kabam.rotmg.assets.EmbeddedAssets_candyColWholeEmbed_
216;kabam.rotmg.assets.EmbeddedAssets_chars8x8dHero1Embed_
217;kabam.rotmg.assets.EmbeddedAssets_lofiEnvironmentEmbed_
218;kabam.rotmg.assets.EmbeddedAssets_chars16x8rEncountersEmbed_
219;kabam.rotmg.assets.EmbeddedAssets_pyramidEmbed_
220;kabam.rotmg.assets.EmbeddedAssets_chars16x8dEncountersEmbed_
221;kabam.rotmg.assets.EmbeddedAssets_obeliskEmbed_
222;kabam.rotmg.assets.EmbeddedAssets_redLootBagEmbed_
223;kabam.rotmg.assets.EmbeddedAssets_Hanami8x8charsEmbed_
224;kabam.rotmg.assets.EmbeddedAssets_teslaEmbed_
225;kabam.rotmg.assets.EmbeddedAssets_chars8x8rPets1MaskEmbed_
226;kabam.rotmg.assets.EmbeddedAssets_newGateEmbed_
227;kabam.rotmg.assets.EmbeddedAssets_lofiInterfaceBigEmbed_
228;kabam.rotmg.assets.EmbeddedAssets_d2LofiObjEmbed_
229;kabam.rotmg.assets.EmbeddedAssets_largeMonument1Embed_
230;kabam.rotmg.assets.EmbeddedAssets_lofiObj5Embed_
231;kabam.rotmg.assets.EmbeddedAssets_squatty3Side_
232;kabam.rotmg.assets.EmbeddedAssets_webEmbed_
233;kabam.rotmg.assets.EmbeddedAssets_innerP2MaskEmbed_
234;kabam.rotmg.assets.EmbeddedAssets_lofiCharBigEmbed_
235;kabam.rotmg.assets.EmbeddedAssets_bigcubeEmbed_
236;kabam.rotmg.assets.EmbeddedAssets_chars8x8rBeachEmbed_
238;com.company.rotmg.graphics.FameIconBackgroundDesign
241;com.company.rotmg.graphics.FullCharBoxGraphic
244;com.company.rotmg.graphics.LockedCharBoxGraphic
7;kabam.rotmg.assets.EmbeddedData_TokenCXML
58;kabam.rotmg.assets.EmbeddedData_TextilesCXML
110;kabam.rotmg.assets.EmbeddedAssets_lofiInterface2Embed_
17;kabam.rotmg.assets.EmbeddedData_MidCXML
44;kabam.rotmg.assets.EmbeddedData_EpicPirateCaveCXML
176;kabam.rotmg.assets.EmbeddedAssets_outerMaskEmbed_
234;kabam.rotmg.assets.EmbeddedAssets_lofiCharBigEmbed_
130;kabam.rotmg.assets.EmbeddedAssets_lofiParticlesShockerEmbed_
200;kabam.rotmg.assets.EmbeddedAssets_chars16x16dEncounters2Embed_
145;kabam.rotmg.assets.EmbeddedAssets_gasEmitter_
169;kabam.rotmg.assets.EmbeddedAssets_d1LofiObjEmbed_
136;kabam.rotmg.assets.EmbeddedAssets_sidesMaskEmbed_
190;kabam.rotmg.assets.EmbeddedAssets_towerEmbed_
115;kabam.rotmg.assets.EmbeddedAssets_newGateEntry2Embed_
163;kabam.rotmg.assets.EmbeddedAssets_monsterTank2Embed_
66;kabam.rotmg.assets.EmbeddedData_BTestingCXML
34;kabam.rotmg.assets.EmbeddedData_PirateCaveCXML
107;kabam.rotmg.assets.EmbeddedAssets_lofiPartsEmbed_
76;kabam.rotmg.assets.EmbeddedData_OryxWineCellarCXML
175;kabam.rotmg.assets.EmbeddedAssets_playersMaskEmbed_
30;kabam.rotmg.assets.EmbeddedData_LowCXML
217;kabam.rotmg.assets.EmbeddedAssets_lofiEnvironmentEmbed_
224;kabam.rotmg.assets.EmbeddedAssets_teslaEmbed_
219;kabam.rotmg.assets.EmbeddedAssets_pyramidEmbed_
112;kabam.rotmg.assets.EmbeddedAssets_textile10x10Embed_
32;kabam.rotmg.assets.EmbeddedData_OryxCastleCXML
245;com.company.assembleegameclient.util.TextureRedrawer_textureShaderEmbed_
244;com.company.rotmg.graphics.LockedCharBoxGraphic
113;kabam.rotmg.assets.EmbeddedAssets_stPatricksChars16x16Embed_
183;kabam.rotmg.assets.EmbeddedAssets_chars8x8rMidEmbed_
246;kabam.rotmg.fortune.components.FortuneModal_fortunePlatformEmbed
170;kabam.rotmg.assets.EmbeddedAssets_columnOneAndHalfEmbed_
101;com.company.rotmg.graphics.StarGraphic
120;kabam.rotmg.assets.EmbeddedAssets_chars8x8rHighEmbed_
247;kabam.rotmg.ui.view.KeysView_keyBackgroundPng
248;kabam.rotmg.questrewards.view.QuestRewardsView_rewardgranted
92;MapLoadingScreen
70;kabam.rotmg.assets.EmbeddedData_hanaminexusGroundCXML
249;kabam.rotmg.mysterybox.model.MysteryBoxInfo_chestImageEmbed
250;kabam.rotmg.fortune.components.FortuneModal_backgroundImageEmbed
184;kabam.rotmg.assets.EmbeddedAssets_lofiChar2Embed_
185;kabam.rotmg.assets.EmbeddedAssets_jackoEmbed_
173;kabam.rotmg.assets.EmbeddedAssets_SakuraEnvironment16x16Embed_
251;kabam.rotmg.news.view.NewsModal_foregroundImageEmbed
250;kabam.rotmg.questrewards.view.QuestRewardsView_backgroundImageEmbed
179;kabam.rotmg.assets.EmbeddedAssets_chars8x8dBeachEmbed_
74;kabam.rotmg.assets.EmbeddedData_TestingObjectsCXML
252;kabam.rotmg.mysterybox.components.MysteryBoxSelectModal_backgroundImageEmbed
253;kabam.rotmg.pets.data.PetFormModel_Data
166;kabam.rotmg.assets.EmbeddedAssets_petsDivineEmbed_
94;kabam.rotmg.text.model.FontModel_MyriadPro
204;kabam.rotmg.assets.EmbeddedAssets_chars16x16dMountains2Embed_
186;kabam.rotmg.assets.EmbeddedAssets_d2Chars16x16rEmbed_
221;kabam.rotmg.assets.EmbeddedAssets_obeliskEmbed_
55;kabam.rotmg.assets.EmbeddedData_OceanTrenchCXML
222;kabam.rotmg.assets.EmbeddedAssets_redLootBagEmbed_
254;kabam.rotmg.ui.view.KeysView_redKeyPng
25;kabam.rotmg.assets.EmbeddedData_LairOfShaitanCXML
141;kabam.rotmg.assets.EmbeddedAssets_innerP1MaskEmbed_
167;kabam.rotmg.assets.EmbeddedAssets_monsterTank4Embed_
178;kabam.rotmg.assets.EmbeddedAssets_newGateEntryEmbed_
156;kabam.rotmg.assets.EmbeddedAssets_threeSideCubeEmbed_
46;kabam.rotmg.assets.EmbeddedData_GroundCXML
215;kabam.rotmg.assets.EmbeddedAssets_candyColWholeEmbed_
158;kabam.rotmg.assets.EmbeddedAssets_lofiObjEmbed_
20;kabam.rotmg.assets.EmbeddedData_IceCaveCXML
211;kabam.rotmg.assets.EmbeddedAssets_newGateEnd2Embed_
31;kabam.rotmg.assets.EmbeddedData_TheHiveCXML
128;kabam.rotmg.assets.EmbeddedAssets_chars8x8rPetsKaratePenguin_
187;kabam.rotmg.assets.EmbeddedAssets_pillarEmbed_
255;kabam.rotmg.news.view.NewsCell_DefaultGraphicLarge
73;kabam.rotmg.assets.EmbeddedData_MTestingCXML
48;kabam.rotmg.assets.EmbeddedData_StaticObjectsCXML
60;kabam.rotmg.assets.EmbeddedData_AbyssOfDemonsCXML
69;kabam.rotmg.assets.EmbeddedData_SpriteWorldCXML
5;kabam.rotmg.assets.EmbeddedData_PermapetsCXML
16;kabam.rotmg.assets.EmbeddedData_TutorialScriptCXML
256;kabam.rotmg.ui.view.TitleView_TitleScreenGraphic
22;kabam.rotmg.assets.EmbeddedData_ForestMazeCXML
12;kabam.rotmg.assets.EmbeddedData_TombOfTheAncientsCXML
33;kabam.rotmg.assets.EmbeddedData_PlayersZombiesCXML
59;kabam.rotmg.assets.EmbeddedData_MadLabCXML
228;kabam.rotmg.assets.EmbeddedAssets_d2LofiObjEmbed_
4;kabam.rotmg.assets.EmbeddedData_ForbiddenJungleCXML
11;kabam.rotmg.assets.EmbeddedData_MountainsCXML
140;kabam.rotmg.assets.EmbeddedAssets_particlesEmbed
138;kabam.rotmg.assets.EmbeddedAssets_playersSkins16MaskEmbed_
117;kabam.rotmg.assets.EmbeddedAssets_signEmbed_
174;kabam.rotmg.assets.EmbeddedAssets_candyDoughnut3Embed_
171;kabam.rotmg.assets.EmbeddedAssets_lofiEnvironment3Embed_
38;kabam.rotmg.assets.EmbeddedData_PuppetMasterEncoreCXML
182;kabam.rotmg.assets.EmbeddedAssets_icosahedronEmbed_
150;kabam.rotmg.assets.EmbeddedAssets_monsterTank3Embed_
35;kabam.rotmg.assets.EmbeddedData_stPatricksGroundCXML
181;kabam.rotmg.assets.EmbeddedAssets_lofiObj40x40Embed_
194;kabam.rotmg.assets.EmbeddedAssets_chars16x16dMountains1Embed_
121;kabam.rotmg.assets.EmbeddedAssets_chars8x8rPets2Embed_
75;kabam.rotmg.assets.EmbeddedData_EpicSpiderDenCXML
119;kabam.rotmg.assets.EmbeddedAssets_EvolveBackground
258;kabam.rotmg.questrewards.view.QuestRewardsView_dailyQuestBanner
257;kabam.rotmg.pets.view.components.DialogCloseButton_CloseButtonLargeAsset
193;kabam.rotmg.assets.EmbeddedAssets_cursorsEmbed_
53;kabam.rotmg.assets.EmbeddedData_ShoreCXML
197;kabam.rotmg.assets.EmbeddedAssets_d1LofiObjBigEmbed_
226;kabam.rotmg.assets.EmbeddedAssets_newGateEmbed_
216;kabam.rotmg.assets.EmbeddedAssets_chars8x8dHero1Embed_
259;kabam.rotmg.ui.view.KeysView_yellowKeyPng
106;kabam.rotmg.assets.EmbeddedAssets_StarburstSpinner
134;kabam.rotmg.assets.EmbeddedAssets_candyDoughnut1Embed_
132;kabam.rotmg.assets.EmbeddedAssets_tableEmbed_
261;kabam.rotmg.pets.view.components.DialogCloseButton_CloseButtonAsset
260;kabam.rotmg.promotions.view.WebChoosePaymentTypeDialog_hifiBeginnerOfferMoneyFrameEmbed
61;kabam.rotmg.assets.EmbeddedData_ToxicSewersCXML
195;kabam.rotmg.assets.EmbeddedAssets_innerMaskEmbed_
116;kabam.rotmg.assets.EmbeddedAssets_chars16x16dEncountersEmbed_
123;kabam.rotmg.assets.EmbeddedAssets_d3Chars16x16rEmbed_
230;kabam.rotmg.assets.EmbeddedAssets_lofiObj5Embed_
207;kabam.rotmg.assets.EmbeddedAssets_newMonument2Embed_
180;kabam.rotmg.assets.EmbeddedAssets_candyDoughnut4Embed_
262;kabam.rotmg.fortune.components.FortuneModal_fortunePlatformEmbed2
122;kabam.rotmg.assets.EmbeddedAssets_stPatricksChars8x8Embed_
212;kabam.rotmg.assets.EmbeddedAssets_chars8x8rHero2Embed_
165;kabam.rotmg.assets.EmbeddedAssets_d3LofiObjEmbed_
135;kabam.rotmg.assets.EmbeddedAssets_largeMonument3Embed_
8;kabam.rotmg.assets.EmbeddedData_EpicForestMazeCXML
164;kabam.rotmg.assets.EmbeddedAssets_brokenPillarEmbed_
263;kabam.rotmg.news.view.NewsModal_backgroundImageEmbed
159;kabam.rotmg.assets.EmbeddedAssets_stPatricksObjects16x16Embed_
229;kabam.rotmg.assets.EmbeddedAssets_largeMonument1Embed_
142;kabam.rotmg.assets.EmbeddedAssets_dodecahedronEmbed_
161;kabam.rotmg.assets.EmbeddedAssets_largeMonument2Embed_
157;kabam.rotmg.assets.EmbeddedAssets_tableEdgeEmbed_
108;kabam.rotmg.assets.EmbeddedAssets_newMonument3Embed_
54;kabam.rotmg.assets.EmbeddedData_SpiderDenCXML
203;kabam.rotmg.assets.EmbeddedAssets_lofiObj4Embed_
1;kabam.rotmg.assets.EmbeddedData_ArenaCXML
264;kabam.rotmg.promotions.view.BeginnersPackageOfferDialog_hifiBeginnerOfferEmbed
151;kabam.rotmg.assets.EmbeddedAssets_playersEmbed_
238;com.company.rotmg.graphics.FameIconBackgroundDesign
63;kabam.rotmg.assets.EmbeddedData_ObjectsCXML
265;kabam.rotmg.ui.view.KeysView_greenKeyPng
188;kabam.rotmg.assets.EmbeddedAssets_lofiObjBigEmbed_
50;kabam.rotmg.assets.EmbeddedData_EquipmentSetsCXML
236;kabam.rotmg.assets.EmbeddedAssets_chars8x8rBeachEmbed_
198;kabam.rotmg.assets.EmbeddedAssets_lofiInterfaceEmbed_
231;kabam.rotmg.assets.EmbeddedAssets_squatty3Side_
3;kabam.rotmg.assets.EmbeddedData_PortalsCXML
62;kabam.rotmg.assets.EmbeddedData_UndeadLairCXML
114;kabam.rotmg.assets.EmbeddedAssets_chars8x8rPets1Embed_
266;kabam.rotmg.arena.view.ImminentWaveCountdownClock_WaveAsset
68;kabam.rotmg.assets.EmbeddedData_KTestingCXML
232;kabam.rotmg.assets.EmbeddedAssets_webEmbed_
133;kabam.rotmg.assets.EmbeddedAssets_chars8x8rEncountersEmbed_
208;kabam.rotmg.assets.EmbeddedAssets_petUpgrader_
105;com.company.rotmg.graphics.DeleteXGraphic
267;kabam.rotmg.ui.view.KeysView_purpleKeyPng
220;kabam.rotmg.assets.EmbeddedAssets_chars16x8dEncountersEmbed_
269;kabam.rotmg.pets.view.YardUpgraderView_PetYardImage
268;kabam.rotmg.news.view.NewsCell_DefaultGraphicSmall
196;kabam.rotmg.assets.EmbeddedAssets_starsEmbed_
154;kabam.rotmg.assets.EmbeddedAssets_chars16x16rEncountersEmbed_
270;kabam.rotmg.classes.view.CharacterSkinLimitedBanner_LimitedBanner
186;kabam.rotmg.assets.EmbeddedAssets_d2Chars8x8rEmbed_
97;com.company.rotmg.graphics.KabamLogo
67;kabam.rotmg.assets.EmbeddedData_RegionsCXML
218;kabam.rotmg.assets.EmbeddedAssets_chars16x8rEncountersEmbed_
172;kabam.rotmg.assets.EmbeddedAssets_cubeEmbed_
127;kabam.rotmg.assets.EmbeddedAssets_candyDoughnut2Embed_
177;kabam.rotmg.assets.EmbeddedAssets_candyColBrokenEmbed_
94;com.company.ui.BaseSimpleText_MyriadPro
41;kabam.rotmg.assets.EmbeddedData_CandyLandCXML
42;kabam.rotmg.assets.EmbeddedData_AlliesCXML
209;kabam.rotmg.assets.EmbeddedAssets_HanamiParts8x8Embed_
144;kabam.rotmg.assets.EmbeddedAssets_textile5x5Embed_
27;kabam.rotmg.assets.EmbeddedData_CaveOfAThousandTreasuresCXML
109;kabam.rotmg.assets.EmbeddedAssets_chars8x8rLow2Embed_
13;kabam.rotmg.assets.EmbeddedData_PlayersCXML
249;kabam.rotmg.fortune.model.FortuneInfo_chestImageEmbed
125;kabam.rotmg.assets.EmbeddedAssets_labTankEmbed_
24;kabam.rotmg.assets.EmbeddedData_hanaminexusObjectCXML
2;kabam.rotmg.assets.EmbeddedData_GhostShipCXML
23;kabam.rotmg.assets.EmbeddedData_STestingCXML
271;kabam.rotmg.arena.view.BattleSummaryDialog_BattleSummarySplash
139;kabam.rotmg.assets.EmbeddedAssets_newMonument1Embed_
272;kabam.rotmg.promotions.view.AlreadyPurchasedBeginnersPackageDialog_hifiBeginnerOfferAlreadyPurchasedEmbed
26;kabam.rotmg.assets.EmbeddedData_ManorOfTheImmortalsCXML
10;kabam.rotmg.assets.EmbeddedData_HauntedCemeteryCXML
273;kabam.rotmg.questrewards.view.QuestRewardsView_questCompleteBanner
274;kabam.rotmg.pets.view.dialogs.EggHatchedDialog_EggHatchImage
39;kabam.rotmg.assets.EmbeddedData_EncountersCXML
37;kabam.rotmg.assets.EmbeddedData_DyesCXML
40;kabam.rotmg.assets.EmbeddedData_WillemTestingCXML
149;kabam.rotmg.assets.EmbeddedAssets_playersSkinsEmbed_
148;kabam.rotmg.assets.EmbeddedAssets_chars8x8dEncountersEmbed_
126;kabam.rotmg.assets.EmbeddedAssets_chars8x8rHero1Embed_
93;kabam.rotmg.text.model.FontModel_MyriadPro_Bold
43;kabam.rotmg.assets.EmbeddedData_EquipCXML
71;kabam.rotmg.assets.EmbeddedData_NexusDestroyedCXML
131;kabam.rotmg.assets.EmbeddedAssets_d3Chars8x8rEmbed_
80;com.company.rotmg.graphics.ScreenGraphic
213;kabam.rotmg.assets.EmbeddedAssets_monsterTank1Embed_
47;kabam.rotmg.assets.EmbeddedData_TutorialObjectsCXML
52;kabam.rotmg.assets.EmbeddedData_TTestingCXML
146;kabam.rotmg.assets.EmbeddedAssets_twoHighWall_
51;kabam.rotmg.assets.EmbeddedData_OryxChamberCXML
6;kabam.rotmg.assets.EmbeddedData_MiniDungeonHubCXML
201;kabam.rotmg.assets.EmbeddedAssets_textile4x4Embed_
169;kabam.rotmg.assets.EmbeddedAssets_d1Chars8x8rEmbed_
143;kabam.rotmg.assets.EmbeddedAssets_lofiProjsEmbed_
275;kabam.rotmg.ui.view.components.MapBackground_EMBEDDED_BACKGROUNDMAP
19;kabam.rotmg.assets.EmbeddedData_ProjectilesCXML
210;kabam.rotmg.assets.EmbeddedAssets_cloningVatEmbed_
72;kabam.rotmg.assets.EmbeddedData_TutorialMonstersCXML
276;kabam.rotmg.protip.model.EmbeddedProTipModel_protipsXML
214;kabam.rotmg.assets.EmbeddedAssets_lofiObj3Embed_
205;kabam.rotmg.assets.EmbeddedAssets_stPatricksObjects8x8Embed_
223;kabam.rotmg.assets.EmbeddedAssets_Hanami8x8charsEmbed_
36;kabam.rotmg.assets.EmbeddedData_OryxChickenChamberCXML
227;kabam.rotmg.assets.EmbeddedAssets_lofiInterfaceBigEmbed_
99;com.company.rotmg.graphics.StackedLogoR
29;kabam.rotmg.assets.EmbeddedData_HeroesCXML
189;kabam.rotmg.assets.EmbeddedAssets_crateEmbed_
118;kabam.rotmg.assets.EmbeddedAssets_chars8x8rMid2Embed_
56;kabam.rotmg.assets.EmbeddedData_NPCsCXML
241;com.company.rotmg.graphics.FullCharBoxGraphic
57;kabam.rotmg.assets.EmbeddedData_SkinsCXML
64;kabam.rotmg.assets.EmbeddedData_SnakePitCXML
162;kabam.rotmg.assets.EmbeddedAssets_SakuraEnvironment8x8Embed_
202;kabam.rotmg.assets.EmbeddedAssets_playersSkinsMaskEmbed_
277;kabam.rotmg.mysterybox.components.MysteryBoxSelectEntry_redBarEmbed
155;kabam.rotmg.assets.EmbeddedAssets_lofiObj2Embed_
45;kabam.rotmg.assets.EmbeddedData_PuppetMasterCXML
28;kabam.rotmg.assets.EmbeddedData_ShattersCXML
186;kabam.rotmg.assets.EmbeddedAssets_d2LofiObjBigEmbed_
278;com.company.assembleegameclient.mapeditor.MEMap_transbackgroundEmbed_
192;kabam.rotmg.assets.EmbeddedAssets_octahedronEmbed_
152;kabam.rotmg.assets.EmbeddedAssets_newGateEnd1Embed_
49;kabam.rotmg.assets.EmbeddedData_BelladonnaCXML
160;kabam.rotmg.assets.EmbeddedAssets_lofiEnvironment2Embed_
199;kabam.rotmg.assets.EmbeddedAssets_d3LofiObjBigEmbed_
65;kabam.rotmg.assets.EmbeddedData_PetsCXML
18;kabam.rotmg.assets.EmbeddedData_LairOfDraconisCXML
225;kabam.rotmg.assets.EmbeddedAssets_chars8x8rPets1MaskEmbed_
279;com.company.assembleegameclient.screens.CharacterBox_SaleTag
191;kabam.rotmg.assets.EmbeddedAssets_lofiObj6Embed_
129;kabam.rotmg.assets.EmbeddedAssets_playersSkins16Embed_
111;kabam.rotmg.assets.EmbeddedAssets_textile9x9Embed_
233;kabam.rotmg.assets.EmbeddedAssets_innerP2MaskEmbed_
235;kabam.rotmg.assets.EmbeddedAssets_bigcubeEmbed_
21;kabam.rotmg.assets.EmbeddedData_HighCXML
168;kabam.rotmg.assets.EmbeddedAssets_tetrahedronEmbed_
9;kabam.rotmg.assets.EmbeddedData_ContainersCXML
147;kabam.rotmg.assets.EmbeddedAssets_lofiProjsBigEmbed_
137;kabam.rotmg.assets.EmbeddedAssets_d1Chars16x16rEmbed_
15;kabam.rotmg.assets.EmbeddedData_stPatricksObjectCXML
206;kabam.rotmg.assets.EmbeddedAssets_chars8x8rLow1Embed_
153;kabam.rotmg.assets.EmbeddedAssets_lofiCharEmbed_
14;kabam.rotmg.assets.EmbeddedData_IceTombCXML
280;kabam.rotmg.packages.view.PackageBackground_Background
124;kabam.rotmg.assets.EmbeddedAssets_DarknessBackground
0;WebMain
